{
    "depletion_thresh": 0.37694727717495985,
    "high_mean": 2.7416670702126933e-16,
    "high_std": 0.0847438778809659,
    "median": 0.18399058812557412
}