{
    "depletion_thresh": 0.6695222154426117,
    "high_mean": 2.8645279745224694e-05,
    "high_std": 0.034852730670116024,
    "median": -0.006844065311538109
}