{
    "depletion_thresh": 0.14549950941151363,
    "high_mean": -7.072292493416955e-17,
    "high_std": 0.16742769420191264,
    "median": 0.08865160666320845
}